event_id,duration,num_scans,scans_per_second,min_distance,max_distance,mean_distance,std_distance,max_intrusion,mean_intrusion,intrusion_std,intrusion_ratio,temporal_variation,spatial_spread,label
flower_1_20260226030506208282,2.4668800830841064,37,14.998702309737896,0.307,0.359,0.3386283783783784,0.013751576486201705,0.04299999999999998,0.011371621621621603,0.013751576486201705,0.12285714285714282,0.004649380791217437,4,bee
flower_1_20260226030513408129,2.1998560428619385,33,15.000981590171744,0.308,0.356,0.3366136363636364,0.012922344531958471,0.04199999999999998,0.013386363636363608,0.012922344531958471,0.11999999999999995,0.004571946944534281,4,bee
flower_1_20260226030518942171,2.2668211460113525,34,14.998977779886003,0.286,0.355,0.3282205882352941,0.021369653518559163,0.064,0.021779411764705867,0.021369653518559163,0.18285714285714288,0.012775711553729587,4,bee
flower_1_20260226030526077731,1.402998924255371,21,14.967937349735003,0.307,0.358,0.3348809523809524,0.012650448596174445,0.04299999999999998,0.015119047619047591,0.012650448596174445,0.12285714285714282,0.008690375080951275,4,bee
flower_1_20260226030538275009,0.7336111068725586,11,14.994320419839141,0.309,0.354,0.3423181818181818,0.01016554309344945,0.04099999999999998,0.007681818181818165,0.01016554309344945,0.11714285714285709,0.004764570952733967,4,bee
flower_1_20260226030610008178,1.9997990131378174,30,15.00150755296554,0.308,0.352,0.33138333333333336,0.013704678299139789,0.04199999999999998,0.018616666666666642,0.013704678299139789,0.11999999999999995,0.010310635062996787,4,bee
flower_1_20260226030617341017,2.533492088317871,38,14.999060062283577,0.304,0.354,0.327,0.013563683494308426,0.045999999999999985,0.022999999999999972,0.013563683494308426,0.1314285714285714,0.011069497901159915,4,bee
flower_1_20260226030628807388,1.5329251289367676,23,15.003994367260933,0.29,0.355,0.3354021739130435,0.018502188633595706,0.06,0.014597826086956506,0.018502188633595706,0.17142857142857143,0.008244743204844763,4,bee
flower_1_20260226030635874458,1.2672619819641113,19,14.992953525325655,0.29,0.36,0.3378157894736842,0.018096563597409528,0.06,0.012184210526315773,0.018096563597409528,0.17142857142857143,0.008056588963760917,4,bee
flower_1_20260226030643874085,2.000270128250122,30,14.997974311721899,0.299,0.358,0.33675,0.014208678848571694,0.05099999999999999,0.013249999999999977,0.014208678848571694,0.14571428571428569,0.005434563713732745,4,bee
flower_1_20260226030700007701,2.0666050910949707,31,15.000446932788185,0.303,0.36,0.3298548387096774,0.015977470697593938,0.046999999999999986,0.02014516129032256,0.015977470697593938,0.13428571428571426,0.012629458650569766,4,bee
flower_1_20260226030725140940,1.2008099555969238,18,14.989882384054837,0.309,0.353,0.33561111111111114,0.012874864206099748,0.04099999999999998,0.014388888888888863,0.012874864206099748,0.11714285714285709,0.0038436561774510265,4,bee
flower_1_20260226030733740387,2.666515827178955,40,15.000848520114754,0.297,0.352,0.32545,0.01434954473013915,0.05299999999999999,0.02454999999999997,0.01434954473013915,0.1514285714285714,0.01116329838216424,4,bee
flower_1_20260226030741606933,2.4004359245300293,36,14.997275966467749,0.298,0.359,0.326375,0.01573107698845769,0.05199999999999999,0.02362499999999998,0.01573107698845769,0.14857142857142855,0.012504784798513835,4,bee
flower_1_20260226030747407076,1.2003846168518066,18,14.995193829797461,0.292,0.357,0.3300138888888889,0.017506934686812692,0.057999999999999996,0.01998611111111109,0.017506934686812692,0.1657142857142857,0.013839009289128144,4,bee
flower_1_20260226030755406336,2.0664618015289307,31,15.001487071797682,0.299,0.359,0.3284435483870968,0.015268492676338279,0.05099999999999999,0.0215564516129032,0.015268492676338279,0.14571428571428569,0.011987964394449142,4,bee
flower_1_20260226030804806263,1.733370065689087,26,14.999682130580647,0.293,0.354,0.31785576923076925,0.01782515854270144,0.056999999999999995,0.03214423076923075,0.01782515854270144,0.16285714285714287,0.01694670662354828,4,bee
flower_1_20260226030815606275,0.7996909618377686,12,15.005796704795586,0.308,0.355,0.33491666666666664,0.013298269497615298,0.04199999999999998,0.015083333333333311,0.013298269497615298,0.11999999999999995,0.012205779803276,4,bee
flower_1_20260226030822073955,2.0001142024993896,30,14.999143530160076,0.29,0.358,0.32364166666666666,0.014735651521745085,0.06,0.026358333333333307,0.014735651521745085,0.17142857142857143,0.01088333179313855,4,bee
flower_1_20260226030829006471,2.8004608154296875,42,14.997531752129069,0.293,0.351,0.3289761904761905,0.013059033343540142,0.056999999999999995,0.021023809523809493,0.013059033343540142,0.16285714285714287,0.008215988562576918,4,bee
flower_1_20260226030835472558,2.0665810108184814,31,15.000621721440414,0.281,0.359,0.3299435483870968,0.018493374959370815,0.06899999999999995,0.0200564516129032,0.018493374959370815,0.197142857142857,0.012350558300035695,4,bee
flower_1_20260226030856739460,1.3998289108276367,21,15.00183332231932,0.306,0.355,0.33216666666666667,0.014704997374741841,0.043999999999999984,0.017833333333333312,0.014704997374741841,0.12571428571428567,0.012484573814645537,4,bee
flower_1_20260226030904072891,2.9334189891815186,44,14.99956199992994,0.296,0.354,0.3261875,0.01501291111010786,0.05399999999999999,0.023812499999999976,0.01501291111010786,0.15428571428571428,0.011290189840206716,4,bee
flower_1_20260226030911139355,1.2671608924865723,19,14.994149608512588,0.296,0.352,0.328,0.013272528018429647,0.05399999999999999,0.02199999999999997,0.013272528018429647,0.15428571428571428,0.008315397364728475,4,bee
flower_1_20260226030921206398,2.067115068435669,31,14.996746177008847,0.289,0.35,0.3256290322580645,0.014899373993471172,0.061,0.024370967741935454,0.014899373993471172,0.1742857142857143,0.012401255139390456,4,bee
flower_1_20260226030926938793,2.1325430870056152,32,15.005558478507655,0.286,0.356,0.3289375,0.014838633339026838,0.064,0.021062499999999974,0.014838633339026838,0.18285714285714288,0.010408200860921653,4,bee
flower_1_20260226030932338579,2.9332783222198486,44,15.000281312105987,0.297,0.355,0.3291931818181818,0.01542121577904596,0.05299999999999999,0.020806818181818156,0.01542121577904596,0.1514285714285714,0.009133356899040079,4,bee
flower_1_20260226030943272331,1.7339861392974854,26,14.994352844443009,0.303,0.357,0.3273173076923077,0.014747232370313347,0.046999999999999986,0.022682692307692286,0.014747232370313347,0.13428571428571426,0.0127911214700486,4,bee
flower_1_20260226030948538541,2.399624824523926,36,15.002345213336518,0.286,0.357,0.31779861111111113,0.019808728690232306,0.064,0.03220138888888887,0.019808728690232306,0.18285714285714288,0.016262338112123232,4,bee
flower_1_20260226031029672390,1.466745138168335,22,14.999197493487864,0.304,0.355,0.3321477272727273,0.013578668000227306,0.045999999999999985,0.0178522727272727,0.013578668000227306,0.1314285714285714,0.009401956195549425,4,bee
flower_1_20260226031036872468,1.933948278427124,29,14.995230391365812,0.295,0.359,0.3251551724137931,0.017942712435282247,0.05499999999999999,0.024844827586206878,0.017942712435282247,0.15714285714285714,0.016540860363849105,4,bee
flower_1_20260226031047738395,1.7997691631317139,27,15.001923887293561,0.3,0.361,0.3257962962962963,0.018264289890926478,0.04999999999999999,0.024203703703703686,0.018264289890926478,0.14285714285714282,0.017322456112081375,4,bee
flower_1_20260226031052605493,2.1337690353393555,32,14.996937095823357,0.287,0.355,0.323796875,0.017634236285421573,0.063,0.026203124999999976,0.017634236285421573,0.18000000000000002,0.013519316750606358,4,bee
flower_1_20260226031102872298,0.9338128566741943,14,14.99229733231717,0.309,0.357,0.3379285714285714,0.014114927163509152,0.04099999999999998,0.012071428571428554,0.014114927163509152,0.11714285714285709,0.009365663849437432,4,bee
flower_1_20260226031218137207,0.66668701171875,10,14.999542250297537,0.312,0.338,0.3262,0.006309130542723639,0.03799999999999998,0.023799999999999967,0.006309130542723639,0.10857142857142851,0.0031967865809973068,4,bee
flower_1_20260226031225604001,1.3333618640899658,20,14.999679035855896,0.308,0.358,0.3285125,0.012880162108815516,0.04199999999999998,0.021487499999999975,0.012880162108815516,0.11999999999999995,0.011067815776052262,4,bee
flower_1_20260226031232204537,1.8672161102294922,28,14.995586127713214,0.307,0.352,0.32826785714285717,0.012606291967450105,0.04299999999999998,0.021732142857142832,0.012606291967450105,0.12285714285714282,0.010881288852426766,4,bee
flower_1_20260226031241137295,1.1338551044464111,17,14.993097383726125,0.299,0.356,0.3377205882352941,0.014362934872660153,0.05099999999999999,0.012279411764705865,0.014362934872660153,0.14571428571428569,0.011800384776877093,4,bee
flower_1_20260226031248270450,1.8652150630950928,28,15.01167374958761,0.3,0.355,0.33324107142857146,0.013759350979687932,0.04999999999999999,0.016758928571428546,0.013759350979687932,0.14285714285714282,0.009023755208824258,4,bee
flower_1_20260226031308136341,2.3329532146453857,35,15.00244401828696,0.297,0.354,0.3264285714285714,0.016130824354241142,0.05299999999999999,0.02357142857142855,0.016130824354241142,0.1514285714285714,0.014263869853348956,4,bee
flower_1_20260226031320603741,1.3999910354614258,21,15.000096049242607,0.302,0.359,0.3382857142857143,0.015974808050638133,0.04799999999999999,0.011714285714285701,0.015974808050638133,0.13714285714285712,0.007576396618068883,4,bee
flower_1_20260226031331404075,1.933980941772461,29,14.99497713427413,0.295,0.357,0.33204310344827587,0.014341422063609893,0.05499999999999999,0.01795689655172411,0.014341422063609893,0.15714285714285714,0.010444168948491334,4,bee
flower_1_20260226031339937303,2.0000858306884766,30,14.999356297461143,0.27,0.363,0.317775,0.029646789756348706,0.07999999999999996,0.03222499999999998,0.029646789756348706,0.22857142857142848,0.02389383396870702,4,bee
flower_1_20260226031343070373,0.599707841873169,9,15.007307511418857,0.314,0.357,0.34130555555555553,0.01314060108310866,0.035999999999999976,0.008694444444444435,0.01314060108310866,0.1028571428571428,0.002041666666666672,4,bee
flower_1_20260226031346736756,1.5336909294128418,23,14.996502593130234,0.283,0.354,0.3238913043478261,0.019423819364881394,0.067,0.026108695652173892,0.019423819364881394,0.19142857142857145,0.01594714745205886,4,bee
flower_1_20260226031352869697,2.2669739723205566,34,14.997966635318873,0.3,0.358,0.333375,0.01735423419354609,0.04999999999999999,0.016624999999999984,0.01735423419354609,0.14285714285714282,0.010043513284250136,4,bee
flower_1_20260226031357802997,1.665930986404419,25,15.006624046268287,0.299,0.354,0.32674,0.017520908144905676,0.05099999999999999,0.023259999999999982,0.017520908144905676,0.14571428571428569,0.013382684708233993,4,bee
flower_1_20260226031401669721,0.5994932651519775,9,15.012679079419533,0.314,0.346,0.3323611111111111,0.009550326180750591,0.035999999999999976,0.017638888888888857,0.009550326180750591,0.1028571428571428,0.002910409955850061,4,bee
flower_1_20260226031404602838,1.3327689170837402,20,15.006352371844342,0.306,0.352,0.3371625,0.01308535150657531,0.043999999999999984,0.012837499999999983,0.01308535150657531,0.12571428571428567,0.0021387327162548683,4,bee
flower_1_20260226031441202440,0.6002829074859619,9,14.992930646139499,0.313,0.343,0.3286388888888889,0.00828821117277091,0.03699999999999998,0.021361111111111074,0.00828821117277091,0.10571428571428565,0.0014848774734337858,4,bee
flower_1_20260226031452002765,1.866192102432251,28,15.003814432344322,0.299,0.36,0.3306428571428571,0.016222471980823303,0.05099999999999999,0.01935714285714283,0.016222471980823303,0.14571428571428569,0.010992090711100326,4,bee
flower_1_20260226031458602442,1.7326982021331787,26,15.00549834240642,0.303,0.365,0.3310961538461539,0.013442086660981775,0.046999999999999986,0.018903846153846125,0.013442086660981775,0.13428571428571426,0.009956173191311223,4,bee
flower_1_20260226031536069116,1.267035961151123,19,14.995628050476316,0.309,0.35,0.33260526315789474,0.011892943507103609,0.04099999999999998,0.017394736842105234,0.011892943507103609,0.11714285714285709,0.0036164322019560918,4,bee
flower_1_20260226031544136029,1.3999669551849365,21,15.000354059946998,0.304,0.351,0.3359642857142857,0.01347415770984119,0.045999999999999985,0.014035714285714266,0.01347415770984119,0.1314285714285714,0.0032521970595715335,4,bee
flower_1_20260226031614069131,0.6005740165710449,9,14.98566330156134,0.313,0.355,0.33661111111111114,0.012294662669578614,0.03699999999999998,0.013388888888888865,0.012294662669578614,0.10571428571428565,0.004366261113482673,4,bee
flower_1_20260226031637534839,1.8664498329162598,28,15.001742616489736,0.299,0.359,0.3312857142857143,0.018555700695851617,0.05099999999999999,0.018714285714285697,0.018555700695851617,0.14571428571428569,0.013686590200731189,4,bee
flower_1_20260226031655534798,2.132725238800049,32,15.004276883788556,0.307,0.356,0.3301640625,0.012192535049168274,0.04299999999999998,0.01983593749999997,0.012192535049168274,0.12285714285714282,0.007843378493322634,4,bee
flower_1_20260226031707068220,1.6668992042541504,25,14.997907453670052,0.306,0.355,0.32526,0.014935971087386056,0.043999999999999984,0.024739999999999977,0.014935971087386056,0.12571428571428567,0.013489285871881177,4,bee
flower_1_20260226031754801375,1.533177137374878,23,15.00152815961034,0.306,0.358,0.3324891304347826,0.013251990988889663,0.043999999999999984,0.017510869565217368,0.013251990988889663,0.12571428571428567,0.008301998068944537,4,bee
flower_1_20260226031809867851,1.200181007385254,18,14.99773774892112,0.308,0.358,0.33775,0.01272211117213083,0.04199999999999998,0.01224999999999998,0.01272211117213083,0.11999999999999995,0.00886002257333466,4,bee
flower_1_20260226031816934997,2.067112922668457,31,14.996761744385879,0.31,0.355,0.3379516129032258,0.013192665391861516,0.03999999999999998,0.012048387096774174,0.013192665391861516,0.11428571428571424,0.004565002443792108,4,bee
flower_1_20260226031829133115,3.39974308013916,51,15.001133555631045,0.304,0.357,0.32995098039215687,0.011845372774925809,0.045999999999999985,0.020049019607843103,0.011845372774925809,0.1314285714285714,0.007039534716130588,4,bee
flower_1_20260226031840133657,2.199827194213867,33,15.001178313823381,0.294,0.354,0.3264848484848485,0.017147089241107857,0.055999999999999994,0.023515151515151492,0.017147089241107857,0.16,0.011845347747431297,4,bee
flower_1_20260226031855266871,1.4000420570373535,21,14.999549402421783,0.311,0.359,0.32821428571428574,0.012022139645351133,0.03899999999999998,0.02178571428571426,0.012022139645351133,0.11142857142857138,0.010586927586145357,4,bee
flower_1_20260226031919400480,2.066833972930908,31,14.99878577863704,0.296,0.349,0.3270241935483871,0.014621213961854607,0.05399999999999999,0.022975806451612877,0.014621213961854607,0.15428571428571428,0.010314301325245297,4,bee
flower_1_20260226032214131404,3.4659130573272705,52,15.003261518654384,0.298,0.352,0.3156057692307692,0.012355380426857847,0.05199999999999999,0.034394230769230746,0.012355380426857847,0.14857142857142855,0.011947838650412448,4,not_bee
flower_1_20260226032218598046,1.1994578838348389,18,15.006779514801652,0.258,0.355,0.30525,0.03770820137190614,0.09199999999999997,0.04474999999999998,0.03770820137190614,0.2628571428571428,0.038350166806907705,4,not_bee
flower_1_20260226032224264665,2.8660998344421387,43,15.002966569156365,0.253,0.353,0.2778546511627907,0.0329446963740121,0.09699999999999998,0.07214534883720927,0.0329446963740121,0.2771428571428571,0.03308413843440454,4,not_bee
flower_1_20260226032231065895,3.0680348873138428,46,14.993310600934656,0.248,0.358,0.27742391304347824,0.03425259232203136,0.10199999999999998,0.07257608695652171,0.03425259232203136,0.29142857142857137,0.03425248853754267,4,not_bee
flower_1_20260226032236065462,1.8672339916229248,28,14.99544252387111,0.298,0.357,0.31926785714285716,0.010157305224361896,0.05199999999999999,0.030732142857142833,0.010157305224361896,0.14857142857142855,0.009534277481274982,4,not_bee
flower_1_20260226032240531705,3.5339250564575195,53,14.997488388485609,0.282,0.36,0.30369811320754714,0.019118076511608354,0.068,0.04630188679245282,0.019118076511608354,0.1942857142857143,0.01862240937652638,4,not_bee
flower_1_20260226032244864945,2.0669491291046143,31,14.997950149566066,0.268,0.358,0.2985967741935484,0.028717270335563445,0.08199999999999996,0.05140322580645159,0.028717270335563445,0.23428571428571418,0.028837307824771792,4,not_bee
flower_1_20260226032251131699,2.800661087036133,42,14.996459298275006,0.266,0.356,0.28904761904761905,0.027544370198399174,0.08399999999999996,0.06095238095238092,0.027544370198399174,0.2399999999999999,0.027597346444507384,4,not_bee
flower_1_20260226032307464429,2.93381404876709,44,14.997542198862474,0.278,0.352,0.30308522727272724,0.020357339370206666,0.07199999999999995,0.04691477272727272,0.020357339370206666,0.2057142857142856,0.020125474368366997,4,not_bee
flower_1_20260226032313664551,2.5330560207366943,38,15.001642162240207,0.196,0.353,0.24043421052631578,0.0599472915342012,0.15399999999999997,0.1095657894736842,0.0599472915342012,0.43999999999999995,0.060482566290093555,4,not_bee
flower_1_20260226032319464625,3.1332812309265137,47,15.000249430563263,0.13,0.36,0.18062765957446808,0.08109352678526027,0.21999999999999997,0.1693723404255319,0.08109352678526027,0.6285714285714286,0.08167141336964014,4,not_bee
flower_1_20260226032324864253,2.5329489707946777,38,15.002276176167111,0.294,0.363,0.3129868421052632,0.01680428313506748,0.055999999999999994,0.037013157894736824,0.01680428313506748,0.16,0.01668942732249293,4,not_bee
flower_1_20260226032330597369,2.666808843612671,40,14.999200297315959,0.3,0.359,0.3157,0.014060873945122645,0.04999999999999999,0.03429999999999998,0.014060873945122645,0.14285714285714282,0.01379697105369183,4,not_bee
flower_1_20260226032335330543,2.1327931880950928,32,15.003798858050951,0.278,0.357,0.303359375,0.025714585577397957,0.07199999999999995,0.04664062499999999,0.025714585577397957,0.2057142857142856,0.025845301056353524,4,not_bee
flower_1_20260226032343663753,2.1994400024414062,33,15.003819137312036,0.254,0.356,0.2917121212121212,0.03413098484901689,0.09599999999999997,0.058287878787878764,0.03413098484901689,0.27428571428571424,0.034051668071988006,4,not_bee
flower_1_20260226032348731078,2.6662299633026123,40,15.002456858767239,0.255,0.355,0.3078875,0.02610838259083534,0.09499999999999997,0.042112499999999976,0.02610838259083534,0.27142857142857135,0.021760787922904833,4,not_bee
flower_1_20260226032355130618,4.79933500289917,72,15.002078403884378,0.283,0.358,0.31729166666666664,0.015324765318129645,0.067,0.03270833333333331,0.015324765318129645,0.19142857142857145,0.013279829563644128,4,not_bee
flower_1_20260226032402530471,2.733248710632324,41,15.000464407249218,0.292,0.356,0.3133292682926829,0.0159189317997587,0.057999999999999996,0.03667073170731706,0.0159189317997587,0.1657142857142857,0.015628943404824895,4,not_bee
flower_1_20260226032412197270,2.0662879943847656,31,15.002748931535175,0.278,0.353,0.30589516129032257,0.023222437477853148,0.07199999999999995,0.044104838709677414,0.023222437477853148,0.2057142857142856,0.023285883974483737,4,not_bee
flower_1_20260226032415530972,2.266746759414673,34,14.999469993189534,0.259,0.36,0.294625,0.03133237291672292,0.09099999999999997,0.055374999999999966,0.03133237291672292,0.25999999999999995,0.031220031084370974,4,not_bee
flower_1_20260226032424664429,3.9339699745178223,59,14.99757252398234,0.276,0.355,0.2934279661016949,0.02126767354398017,0.07399999999999995,0.056572033898305084,0.02126767354398017,0.2114285714285713,0.021300146250077562,4,not_bee
flower_1_20260226032428663776,2.5992681980133057,39,15.004223123188599,0.267,0.352,0.2914423076923077,0.027527637814975258,0.08299999999999996,0.058557692307692276,0.027527637814975258,0.23714285714285704,0.02761849241869984,4,not_bee
flower_1_20260226032432064884,2.0002760887145996,30,14.997929620444719,0.267,0.352,0.29684166666666667,0.030084194413369285,0.08299999999999996,0.05315833333333331,0.030084194413369285,0.23714285714285704,0.030215567702910943,4,not_bee
flower_1_20260226032438864199,2.7339587211608887,41,14.996568778694161,0.224,0.353,0.26290243902439026,0.043414003495832264,0.12599999999999997,0.08709756097560974,0.043414003495832264,0.35999999999999993,0.043416762245732224,4,not_bee
flower_1_20260226032448597301,2.6672239303588867,40,14.99686604664567,0.238,0.358,0.2724125,0.037510818146068485,0.11199999999999999,0.07758749999999998,0.037510818146068485,0.32,0.03728956124983408,4,not_bee
flower_1_20260226032452863591,1.733515977859497,26,14.998419588900566,0.294,0.356,0.31358653846153844,0.02238307724877703,0.055999999999999994,0.036413461538461527,0.02238307724877703,0.16,0.022576197898194938,4,not_bee
flower_1_20260226032500396697,5.666677951812744,85,14.999970127613992,0.287,0.355,0.3027735294117647,0.014723164355105562,0.063,0.047226470588235286,0.014723164355105562,0.18000000000000002,0.014561273631654286,4,not_bee
flower_1_20260226032507529927,2.7992589473724365,42,15.003970975755525,0.263,0.356,0.3003392857142857,0.02283993517958619,0.08699999999999997,0.04966071428571428,0.02283993517958619,0.2485714285714285,0.022794002034430993,4,not_bee
flower_1_20260226032511663586,3.0664761066436768,46,15.000932144991658,0.145,0.355,0.19355978260869564,0.07544423418713739,0.205,0.15644021739130434,0.07544423418713739,0.5857142857142857,0.07603416967212483,4,not_bee
flower_1_20260226032517196292,3.53318190574646,53,15.000642880514985,0.135,0.359,0.17927358490566037,0.07711461685737087,0.21499999999999997,0.1707264150943396,0.07711461685737087,0.6142857142857142,0.07762086208701932,4,not_bee
flower_1_20260226032523397188,3.667189121246338,55,14.997862990307846,0.193,0.356,0.22507727272727274,0.05408380467941469,0.15699999999999997,0.12492272727272724,0.05408380467941469,0.4485714285714285,0.05437942984780541,4,not_bee
flower_1_20260226032529129958,3.4662232398986816,52,15.001918918967252,0.231,0.359,0.25887499999999997,0.038331049081280016,0.11899999999999997,0.09112499999999998,0.038331049081280016,0.3399999999999999,0.03839198943713619,4,not_bee
flower_1_20260226032534396688,2.5999207496643066,39,15.000457227411855,0.096,0.357,0.16264102564102564,0.10208497085163899,0.254,0.18735897435897436,0.10208497085163899,0.7257142857142858,0.10305304578851028,4,not_bee
flower_1_20260226032540396175,2.000020980834961,30,14.999842645388508,0.264,0.354,0.29444166666666666,0.03231925716586785,0.08599999999999997,0.05555833333333331,0.03231925716586785,0.24571428571428564,0.032599627360186,4,not_bee
flower_1_20260226032545796168,2.399574041366577,36,15.00266271404474,0.219,0.355,0.2696388888888889,0.044946839012530534,0.13099999999999998,0.08036111111111109,0.044946839012530534,0.3742857142857142,0.0450571638685017,4,not_bee
flower_1_20260226032547529749,0.9331798553466797,14,15.002467016177658,0.078,0.358,0.2629107142857143,0.11318966814169026,0.27199999999999996,0.0870892857142857,0.11318966814169026,0.7771428571428571,0.11635884512108259,4,not_bee
flower_1_20260226032549196199,0.9997513294219971,15,15.003730986456603,0.123,0.355,0.2670666666666667,0.09586693932997535,0.22699999999999998,0.08293333333333332,0.09586693932997535,0.6485714285714286,0.09826978475217138,4,not_bee
flower_1_20260226032550729101,0.9325029850006104,14,15.01335676688567,0.17,0.357,0.2949642857142857,0.07286474750228279,0.17999999999999997,0.05503571428571428,0.07286474750228279,0.5142857142857142,0.07484354560469005,4,not_bee
flower_1_20260226032553130414,1.8000719547271729,27,14.99940040124243,0.22,0.357,0.2737777777777778,0.050828524873440584,0.12999999999999998,0.0762222222222222,0.050828524873440584,0.3714285714285714,0.05115781264745195,4,not_bee
flower_1_20260226032559329444,1.0660560131072998,16,15.008592234627338,0.226,0.354,0.30103125,0.04845189686197857,0.12399999999999997,0.04896874999999998,0.04845189686197857,0.3542857142857142,0.049433614996949864,4,not_bee
flower_1_20260226032604596533,2.0664970874786377,31,15.001230917689576,0.289,0.355,0.3253790322580645,0.01678103495065817,0.061,0.02462096774193546,0.01678103495065817,0.1742857142857143,0.01518015027480266,4,not_bee
flower_1_20260226032618462687,6.732728958129883,101,15.00134650126392,0.271,0.354,0.309799504950495,0.020270182473797995,0.07899999999999996,0.04020049504950493,0.020270182473797995,0.22571428571428562,0.019109814880120514,4,not_bee
flower_1_20260226032624262703,3.333469867706299,50,14.999385620486832,0.248,0.359,0.28486,0.033145035327091905,0.10199999999999998,0.06513999999999998,0.033145035327091905,0.29142857142857137,0.03237251920997189,4,not_bee
flower_1_20260226032636129697,6.867034196853638,103,14.999197185765132,0.187,0.358,0.2767281553398058,0.060553319557926186,0.16299999999999998,0.07327184466019415,0.060553319557926186,0.4657142857142857,0.06020904257126317,4,not_bee
flower_1_20260226032647729272,8.60024905204773,129,14.999565619472955,0.184,0.357,0.25496511627906976,0.059986590282936236,0.16599999999999998,0.0950348837209302,0.059986590282936236,0.47428571428571425,0.05935088938250366,4,not_bee
flower_1_20260226032658262022,7.466341733932495,112,15.00065279506166,0.177,0.359,0.24684151785714287,0.05365853901592984,0.173,0.10315848214285712,0.05365853901592984,0.4942857142857143,0.05220789604444011,4,not_bee
flower_1_20260226032712529212,6.000514984130859,90,14.998712650166974,0.261,0.355,0.28034166666666666,0.021548350440004364,0.08899999999999997,0.0696583333333333,0.021548350440004364,0.2542857142857142,0.021349040514713438,4,not_bee
flower_1_20260226032715662426,1.4004569053649902,21,14.995106182526147,0.258,0.363,0.3023095238095238,0.0370076436879839,0.09199999999999997,0.047690476190476165,0.0370076436879839,0.2628571428571428,0.037408463678182555,4,not_bee
flower_1_20260226032721595087,4.599452018737793,69,15.001787108311952,0.251,0.355,0.2791268115942029,0.026259859557486578,0.09899999999999998,0.07087318840579707,0.026259859557486578,0.2828571428571428,0.02619927252541642,4,not_bee
flower_1_20260226032812061996,2.466961145401001,37,14.99820946469982,0.279,0.358,0.3001891891891892,0.026296413803595927,0.07099999999999995,0.049810810810810804,0.026296413803595927,0.20285714285714274,0.026376441864577476,4,not_bee
flower_1_20260226032816728070,2.2000319957733154,33,14.999781850172791,0.272,0.352,0.30155303030303027,0.024638551804478593,0.07799999999999996,0.04844696969696968,0.024638551804478593,0.22285714285714275,0.024521973371454085,4,not_bee
flower_1_20260226032820461160,2.2661378383636475,34,15.003500415734207,0.213,0.359,0.2665735294117647,0.050633122280730664,0.13699999999999998,0.08342647058823528,0.050633122280730664,0.3914285714285714,0.050752687994636565,4,not_bee
flower_1_20260226032824194426,2.2665140628814697,34,15.00100994598509,0.067,0.358,0.15236029411764707,0.11593514616141391,0.283,0.1976397058823529,0.11593514616141391,0.8085714285714285,0.11716564600146741,4,not_bee
flower_1_20260226032828062032,2.1342859268188477,32,14.993305066531544,0.071,0.357,0.164859375,0.1178187406970929,0.27899999999999997,0.18514062499999998,0.1178187406970929,0.7971428571428572,0.11914684856166956,4,not_bee
flower_1_20260226032833794896,2.000361919403076,30,14.997286095584261,0.248,0.354,0.28499166666666664,0.03684067350211767,0.10199999999999998,0.0650083333333333,0.03684067350211767,0.29142857142857137,0.03714489820478281,4,not_bee
flower_1_20260226032838394664,2.4664950370788574,37,15.001043766064166,0.219,0.361,0.25870945945945945,0.04813660456477539,0.13099999999999998,0.09129054054054052,0.04813660456477539,0.3742857142857142,0.048369473324605256,4,not_bee
flower_1_20260226032903461232,2.533271074295044,38,15.000368648102375,0.293,0.357,0.3151973684210526,0.017514436608628656,0.056999999999999995,0.034802631578947356,0.017514436608628656,0.16285714285714287,0.01689376163194016,4,not_bee
flower_1_20260226032905394313,0.6666090488433838,10,15.001296513077257,0.289,0.352,0.3364,0.01389484316812056,0.061,0.013599999999999975,0.01389484316812056,0.1742857142857143,0.012553330677995822,4,not_bee
flower_1_20260226032921927511,2.3332440853118896,35,15.000573759226514,0.21,0.357,0.2548285714285714,0.053732342638549785,0.13999999999999999,0.09517142857142855,0.053732342638549785,0.39999999999999997,0.05413157212607385,4,not_bee
flower_1_20260226032930861137,3.9338958263397217,59,14.997855206271774,0.268,0.356,0.3006991525423729,0.023942274535161803,0.08199999999999996,0.049300847457627105,0.023942274535161803,0.23428571428571418,0.020796985631057176,4,not_bee
flower_1_20260226032935594122,1.7332968711853027,26,15.000315544457242,0.278,0.353,0.31169230769230766,0.025763704779073242,0.07199999999999995,0.0383076923076923,0.025763704779073242,0.2057142857142856,0.024633139029801673,4,not_bee
flower_1_20260226032940660454,1.399724006652832,21,15.002957654643232,0.274,0.356,0.3114166666666667,0.03092556486547975,0.07599999999999996,0.038583333333333324,0.03092556486547975,0.21714285714285703,0.03109896836445436,4,not_bee
flower_1_20260226032944127619,1.6005842685699463,24,14.994524481640054,0.27,0.357,0.31166666666666665,0.03129273218687205,0.07999999999999996,0.03833333333333332,0.03129273218687205,0.22857142857142848,0.03113728949509654,4,not_bee
flower_1_20260226032948260126,1.3993711471557617,21,15.006740736853654,0.265,0.356,0.30420238095238095,0.03590106209185189,0.08499999999999996,0.045797619047619025,0.03590106209185189,0.24285714285714277,0.036411160638568196,4,not_bee
flower_1_20260226032953593978,2.0667152404785156,31,14.999647456425798,0.208,0.357,0.2655161290322581,0.052683050431613795,0.142,0.08448387096774192,0.052683050431613795,0.4057142857142857,0.05290628253036491,4,not_bee
